[{"title":"The chronicle of Ibn al-Athīr for the crusading period from al-Kāmil fīʼl-taʼrīkh / translated by D.S. Richards.","call_number":"D152 .I2313 2006","call_number_normalized":"","issn":"","isbn":"9780754640790 (hbk. : alk. paper v. 3))","description":"3 volumes ;24 cm.","barcode":"310183609503056","tray_barcode":"00006069","stream":"Neilson Material Stream A","shelf_barcode":"10R0501","shelf":{"id":11137,"boxbarcode":"00006069","shelf":"10R0501","row":"10","side":"R","ladder":"05","shelf_number":"01","shelf_depth":"Front","shelf_position":"4","initials":"JDD","added":"2017_06_20_14:16:19","timestamp":"2017-06-20 14:57:13"},"record_barcode":"","new_call":"","old_location":"SNSTK","tray_id":161795,"status":"Off Campus","timestamp":"2017-06-20 14:08:25"},{"title":"Materialien zur österreichischen Geschichte aus Archiven und Bibliotheken / [von] Josef Chmel.","call_number":"DB3 .C56 1971","call_number_normalized":"","issn":"","isbn":"","description":"2 volumes in leaves ;28 cm","barcode":"310183600746446","tray_barcode":"00012748","stream":"Neilson Material Stream B","shelf_barcode":"11L1209","shelf":{"id":12565,"boxbarcode":"00012748","shelf":"11L1209","row":"11","side":"L","ladder":"12","shelf_number":"09","shelf_depth":"Front","shelf_position":"4","initials":"JDD","added":"2017_06_22_11:33:59","timestamp":"2017-06-22 12:03:47"},"record_barcode":"","new_call":"","old_location":"SNSTK","tray_id":181174,"status":"Off Campus","timestamp":"2017-06-22 10:52:32"}]